"date","new_cases","hosp_patients","icu_patients","location"
"27-01-2020",0,NULL,NULL,"India"
"28-01-2020",0,NULL,NULL,"India"
"29-01-2020",0,NULL,NULL,"India"
"30-01-2020",1,NULL,NULL,"India"
"31-01-2020",4,NULL,NULL,"India"
"02-01-2020",0,NULL,NULL,"India"
"01-03-2020",0,NULL,NULL,"India"
"01-04-2020",0,NULL,NULL,"India"
"01-05-2020",0,NULL,NULL,"India"
"01-06-2020",0,NULL,NULL,"India"
"01-07-2020",0,NULL,NULL,"India"
"01-08-2020",0,NULL,NULL,"India"
"01-09-2020",0,NULL,NULL,"India"
"01-10-2020",0,NULL,NULL,"India"
"01-11-2020",0,NULL,NULL,"India"
"01-12-2020",0,NULL,NULL,"India"
"13-01-2020",0,NULL,NULL,"India"
"14-01-2020",0,NULL,NULL,"India"
"15-01-2020",0,NULL,NULL,"India"
"16-01-2020",0,NULL,NULL,"India"
"17-01-2020",0,NULL,NULL,"India"
"18-01-2020",0,NULL,NULL,"India"
"19-01-2020",0,NULL,NULL,"India"
"20-01-2020",0,NULL,NULL,"India"
"21-01-2020",0,NULL,NULL,"India"
"22-01-2020",0,NULL,NULL,"India"
"23-01-2020",0,NULL,NULL,"India"
"24-01-2020",0,NULL,NULL,"India"
"25-01-2020",0,NULL,NULL,"India"
"26-01-2020",0,NULL,NULL,"India"
"02-02-2020",NULL,NULL,NULL,"India"
"02-03-2020",1,NULL,NULL,"India"
"02-04-2020",4,NULL,NULL,"India"
"02-05-2020",0,NULL,NULL,"India"
"02-06-2020",0,NULL,NULL,"India"
"02-07-2020",0,NULL,NULL,"India"
"02-08-2020",0,NULL,NULL,"India"
"02-09-2020",0,NULL,NULL,"India"
"02-10-2020",0,NULL,NULL,"India"
"02-11-2020",0,NULL,NULL,"India"
"02-12-2020",0,NULL,NULL,"India"
"13-02-2020",0,NULL,NULL,"India"
"14-02-2020",0,NULL,NULL,"India"
"15-02-2020",0,NULL,NULL,"India"
"16-02-2020",0,NULL,NULL,"India"
"17-02-2020",0,NULL,NULL,"India"
"18-02-2020",0,NULL,NULL,"India"
"19-02-2020",0,NULL,NULL,"India"
"20-02-2020",0,NULL,NULL,"India"
"21-02-2020",0,NULL,NULL,"India"
"22-02-2020",0,NULL,NULL,"India"
"23-02-2020",0,NULL,NULL,"India"
"24-02-2020",0,NULL,NULL,"India"
"25-02-2020",0,NULL,NULL,"India"
"26-02-2020",0,NULL,NULL,"India"
"27-02-2020",0,NULL,NULL,"India"
"28-02-2020",0,NULL,NULL,"India"
"29-02-2020",0,NULL,NULL,"India"
"03-01-2020",0,NULL,NULL,"India"
"03-02-2020",NULL,NULL,NULL,"India"
"03-03-2020",4,NULL,NULL,"India"
"03-04-2020",19,NULL,NULL,"India"
"03-05-2020",1,NULL,NULL,"India"
"03-06-2020",2,NULL,NULL,"India"
"03-07-2020",3,NULL,NULL,"India"
"03-08-2020",5,NULL,NULL,"India"
"03-09-2020",5,NULL,NULL,"India"
"03-10-2020",6,NULL,NULL,"India"
"03-11-2020",10,NULL,NULL,"India"
"03-12-2020",13,NULL,NULL,"India"
"13-03-2020",8,NULL,NULL,"India"
"14-03-2020",3,NULL,NULL,"India"
"15-03-2020",23,NULL,NULL,"India"
"16-03-2020",7,NULL,NULL,"India"
"17-03-2020",23,NULL,NULL,"India"
"18-03-2020",14,NULL,NULL,"India"
"19-03-2020",22,NULL,NULL,"India"
"20-03-2020",50,NULL,NULL,"India"
"21-03-2020",60,NULL,NULL,"India"
"22-03-2020",77,NULL,NULL,"India"
"23-03-2020",74,NULL,NULL,"India"
"24-03-2020",85,NULL,NULL,"India"
"25-03-2020",87,NULL,NULL,"India"
"26-03-2020",43,NULL,NULL,"India"
"27-03-2020",75,NULL,NULL,"India"
"28-03-2020",185,NULL,NULL,"India"
"29-03-2020",70,NULL,NULL,"India"
"30-03-2020",92,NULL,NULL,"India"
"31-03-2020",180,NULL,NULL,"India"
"04-01-2020",386,NULL,NULL,"India"
"04-02-2020",328,NULL,NULL,"India"
"04-03-2020",336,NULL,NULL,"India"
"04-04-2020",601,NULL,NULL,"India"
"04-05-2020",472,NULL,NULL,"India"
"04-06-2020",693,NULL,NULL,"India"
"04-07-2020",354,NULL,NULL,"India"
"04-08-2020",853,NULL,NULL,"India"
"04-09-2020",591,NULL,NULL,"India"
"04-10-2020",547,NULL,NULL,"India"
"04-11-2020",1035,NULL,NULL,"India"
"04-12-2020",909,NULL,NULL,"India"
"13-04-2020",796,NULL,NULL,"India"
"14-04-2020",1211,NULL,NULL,"India"
"15-04-2020",1076,NULL,NULL,"India"
"16-04-2020",941,NULL,NULL,"India"
"17-04-2020",1007,NULL,NULL,"India"
"18-04-2020",991,NULL,NULL,"India"
"19-04-2020",1334,NULL,NULL,"India"
"20-04-2020",1553,NULL,NULL,"India"
"21-04-2020",1336,NULL,NULL,"India"
"22-04-2020",1383,NULL,NULL,"India"
"23-04-2020",1409,NULL,NULL,"India"
"24-04-2020",1684,NULL,NULL,"India"
"25-04-2020",1429,NULL,NULL,"India"
"26-04-2020",1990,NULL,NULL,"India"
"27-04-2020",1396,NULL,NULL,"India"
"28-04-2020",1543,NULL,NULL,"India"
"29-04-2020",1897,NULL,NULL,"India"
"30-04-2020",1718,NULL,NULL,"India"
"05-01-2020",1993,NULL,NULL,"India"
"05-02-2020",2293,NULL,NULL,"India"
"05-03-2020",2644,NULL,NULL,"India"
"05-04-2020",2553,NULL,NULL,"India"
"05-05-2020",3900,NULL,NULL,"India"
"05-06-2020",2958,NULL,NULL,"India"
"05-07-2020",3561,NULL,NULL,"India"
"05-08-2020",3390,NULL,NULL,"India"
"05-09-2020",3320,NULL,NULL,"India"
"05-10-2020",3277,NULL,NULL,"India"
"05-11-2020",4213,NULL,NULL,"India"
"05-12-2020",3604,NULL,NULL,"India"
"13-05-2020",3525,NULL,NULL,"India"
"14-05-2020",3722,NULL,NULL,"India"
"15-05-2020",3967,NULL,NULL,"India"
"16-05-2020",3970,NULL,NULL,"India"
"17-05-2020",4987,NULL,NULL,"India"
"18-05-2020",5242,NULL,NULL,"India"
"19-05-2020",4970,NULL,NULL,"India"
"20-05-2020",5611,NULL,NULL,"India"
"21-05-2020",5609,NULL,NULL,"India"
"22-05-2020",6088,NULL,NULL,"India"
"23-05-2020",6654,NULL,NULL,"India"
"24-05-2020",6767,NULL,NULL,"India"
"25-05-2020",6977,NULL,NULL,"India"
"26-05-2020",6535,NULL,NULL,"India"
"27-05-2020",6387,NULL,NULL,"India"
"28-05-2020",6566,NULL,NULL,"India"
"29-05-2020",7466,NULL,NULL,"India"
"30-05-2020",7964,NULL,NULL,"India"
"31-05-2020",8380,NULL,NULL,"India"
"06-01-2020",8392,NULL,NULL,"India"
"06-02-2020",8171,NULL,NULL,"India"
"06-03-2020",8909,NULL,NULL,"India"
"06-04-2020",9304,NULL,NULL,"India"
"06-05-2020",9851,NULL,NULL,"India"
"06-06-2020",9887,NULL,NULL,"India"
"06-07-2020",9971,NULL,NULL,"India"
"06-08-2020",9983,NULL,NULL,"India"
"06-09-2020",9987,NULL,NULL,"India"
"06-10-2020",9985,NULL,NULL,"India"
"06-11-2020",9996,NULL,NULL,"India"
"06-12-2020",10956,NULL,NULL,"India"
"13-06-2020",11458,NULL,NULL,"India"
"14-06-2020",11929,NULL,NULL,"India"
"15-06-2020",11502,NULL,NULL,"India"
"16-06-2020",10667,NULL,NULL,"India"
"17-06-2020",10974,NULL,NULL,"India"
"18-06-2020",12881,NULL,NULL,"India"
"05-04-2023",NULL,NULL,NULL,"India"
"19-06-2020",13586,NULL,NULL,"India"
"20-06-2020",14516,NULL,NULL,"India"
"21-06-2020",15413,NULL,NULL,"India"
"22-06-2020",14821,NULL,NULL,"India"
"23-06-2020",14933,NULL,NULL,"India"
"24-06-2020",15968,NULL,NULL,"India"
"25-06-2020",16922,NULL,NULL,"India"
"26-06-2020",17296,NULL,NULL,"India"
"27-06-2020",18552,NULL,NULL,"India"
"28-06-2020",19906,NULL,NULL,"India"
"29-06-2020",19459,NULL,NULL,"India"
"30-06-2020",18522,NULL,NULL,"India"
"07-01-2020",18653,NULL,NULL,"India"
"07-02-2020",19148,NULL,NULL,"India"
"07-03-2020",20903,NULL,NULL,"India"
"07-04-2020",22771,NULL,NULL,"India"
"07-05-2020",24850,NULL,NULL,"India"
"07-06-2020",24248,NULL,NULL,"India"
"07-07-2020",22252,NULL,NULL,"India"
"07-08-2020",22752,NULL,NULL,"India"
"07-09-2020",24879,NULL,NULL,"India"
"07-10-2020",26506,NULL,NULL,"India"
"07-11-2020",27114,NULL,NULL,"India"
"07-12-2020",28637,NULL,NULL,"India"
"13-07-2020",28701,NULL,NULL,"India"
"14-07-2020",28498,NULL,NULL,"India"
"15-07-2020",29429,NULL,NULL,"India"
"16-07-2020",32695,NULL,NULL,"India"
"17-07-2020",34956,NULL,NULL,"India"
"18-07-2020",34884,NULL,NULL,"India"
"19-07-2020",38902,NULL,NULL,"India"
"20-07-2020",40425,NULL,NULL,"India"
"21-07-2020",37148,NULL,NULL,"India"
"22-07-2020",37724,NULL,NULL,"India"
"23-07-2020",45720,NULL,NULL,"India"
"24-07-2020",49310,NULL,NULL,"India"
"25-07-2020",48916,NULL,NULL,"India"
"26-07-2020",48661,NULL,NULL,"India"
"27-07-2020",49931,NULL,NULL,"India"
"28-07-2020",47703,NULL,NULL,"India"
"29-07-2020",48513,NULL,NULL,"India"
"30-07-2020",52123,NULL,NULL,"India"
"31-07-2020",55078,NULL,NULL,"India"
"08-01-2020",57118,NULL,NULL,"India"
"08-02-2020",54735,NULL,NULL,"India"
"08-03-2020",52972,NULL,NULL,"India"
"08-04-2020",52050,NULL,NULL,"India"
"08-05-2020",52509,NULL,NULL,"India"
"08-06-2020",56282,NULL,NULL,"India"
"08-07-2020",62538,NULL,NULL,"India"
"08-08-2020",61537,NULL,NULL,"India"
"08-09-2020",64399,NULL,NULL,"India"
"08-10-2020",62064,NULL,NULL,"India"
"08-11-2020",53601,NULL,NULL,"India"
"08-12-2020",60963,NULL,NULL,"India"
"13-08-2020",66999,NULL,NULL,"India"
"14-08-2020",64553,NULL,NULL,"India"
"15-08-2020",65002,NULL,NULL,"India"
"16-08-2020",63490,NULL,NULL,"India"
"17-08-2020",57981,NULL,NULL,"India"
"18-08-2020",55079,NULL,NULL,"India"
"19-08-2020",64531,NULL,NULL,"India"
"20-08-2020",69652,NULL,NULL,"India"
"21-08-2020",68898,NULL,NULL,"India"
"22-08-2020",69878,NULL,NULL,"India"
"05-05-2023",NULL,NULL,NULL,"India"
"23-08-2020",69239,NULL,NULL,"India"
"24-08-2020",61408,NULL,NULL,"India"
"25-08-2020",60975,NULL,NULL,"India"
"26-08-2020",67151,NULL,NULL,"India"
"27-08-2020",75760,NULL,NULL,"India"
"28-08-2020",77266,NULL,NULL,"India"
"29-08-2020",76472,NULL,NULL,"India"
"30-08-2020",78761,NULL,NULL,"India"
"31-08-2020",78512,NULL,NULL,"India"
"09-01-2020",69921,NULL,NULL,"India"
"09-02-2020",78357,NULL,NULL,"India"
"09-03-2020",83883,NULL,NULL,"India"
"09-04-2020",83341,NULL,NULL,"India"
"09-05-2020",86432,NULL,NULL,"India"
"09-06-2020",90632,NULL,NULL,"India"
"09-07-2020",90802,NULL,NULL,"India"
"09-08-2020",75809,NULL,NULL,"India"
"09-09-2020",89706,NULL,NULL,"India"
"09-10-2020",95735,NULL,NULL,"India"
"09-11-2020",96551,NULL,NULL,"India"
"09-12-2020",97570,NULL,NULL,"India"
"13-09-2020",94372,NULL,NULL,"India"
"14-09-2020",92071,NULL,NULL,"India"
"15-09-2020",83809,NULL,NULL,"India"
"16-09-2020",90123,NULL,NULL,"India"
"17-09-2020",97894,NULL,NULL,"India"
"18-09-2020",96424,NULL,NULL,"India"
"19-09-2020",93337,NULL,NULL,"India"
"20-09-2020",92605,NULL,NULL,"India"
"21-09-2020",86961,NULL,NULL,"India"
"22-09-2020",75083,NULL,NULL,"India"
"23-09-2020",83347,NULL,NULL,"India"
"24-09-2020",86508,NULL,NULL,"India"
"25-09-2020",86052,NULL,NULL,"India"
"26-09-2020",85362,NULL,NULL,"India"
"27-09-2020",88600,NULL,NULL,"India"
"28-09-2020",82170,NULL,NULL,"India"
"29-09-2020",70589,NULL,NULL,"India"
"30-09-2020",80472,NULL,NULL,"India"
"10-01-2020",86821,NULL,NULL,"India"
"10-02-2020",81484,NULL,NULL,"India"
"10-03-2020",79476,NULL,NULL,"India"
"10-04-2020",75829,NULL,NULL,"India"
"10-05-2020",74442,NULL,NULL,"India"
"10-06-2020",61267,NULL,NULL,"India"
"10-07-2020",72049,NULL,NULL,"India"
"10-08-2020",78524,NULL,NULL,"India"
"10-09-2020",70496,NULL,NULL,"India"
"10-10-2020",73272,NULL,NULL,"India"
"10-11-2020",74383,NULL,NULL,"India"
"10-12-2020",66732,NULL,NULL,"India"
"13-10-2020",55342,NULL,NULL,"India"
"14-10-2020",63509,NULL,NULL,"India"
"15-10-2020",67708,NULL,NULL,"India"
"16-10-2020",63371,NULL,NULL,"India"
"17-10-2020",62212,NULL,NULL,"India"
"18-10-2020",61871,NULL,NULL,"India"
"19-10-2020",55722,NULL,NULL,"India"
"20-10-2020",46790,NULL,NULL,"India"
"21-10-2020",54044,NULL,NULL,"India"
"22-10-2020",55839,NULL,NULL,"India"
"23-10-2020",54366,NULL,NULL,"India"
"24-10-2020",53370,NULL,NULL,"India"
"25-10-2020",50129,NULL,NULL,"India"
"26-10-2020",45148,NULL,NULL,"India"
"05-06-2023",NULL,NULL,NULL,"India"
"27-10-2020",36470,NULL,NULL,"India"
"28-10-2020",43893,NULL,NULL,"India"
"29-10-2020",49881,NULL,NULL,"India"
"30-10-2020",48648,NULL,NULL,"India"
"31-10-2020",48268,NULL,NULL,"India"
"11-01-2020",46963,NULL,NULL,"India"
"11-02-2020",45231,NULL,NULL,"India"
"11-03-2020",38310,NULL,NULL,"India"
"11-04-2020",46253,NULL,NULL,"India"
"11-05-2020",50210,NULL,NULL,"India"
"11-06-2020",47638,NULL,NULL,"India"
"11-07-2020",50356,NULL,NULL,"India"
"11-08-2020",45674,NULL,NULL,"India"
"11-09-2020",45903,NULL,NULL,"India"
"11-10-2020",38073,NULL,NULL,"India"
"11-11-2020",44281,NULL,NULL,"India"
"11-12-2020",47905,NULL,NULL,"India"
"13-11-2020",44879,NULL,NULL,"India"
"14-11-2020",44684,NULL,NULL,"India"
"15-11-2020",41100,NULL,NULL,"India"
"16-11-2020",30548,NULL,NULL,"India"
"17-11-2020",29163,NULL,NULL,"India"
"18-11-2020",38617,NULL,NULL,"India"
"19-11-2020",45576,NULL,NULL,"India"
"20-11-2020",45882,NULL,NULL,"India"
"21-11-2020",46232,NULL,NULL,"India"
"22-11-2020",45209,NULL,NULL,"India"
"23-11-2020",44059,NULL,NULL,"India"
"24-11-2020",37975,NULL,NULL,"India"
"25-11-2020",44376,NULL,NULL,"India"
"26-11-2020",44489,NULL,NULL,"India"
"27-11-2020",43082,NULL,NULL,"India"
"28-11-2020",41322,NULL,NULL,"India"
"29-11-2020",41810,NULL,NULL,"India"
"30-11-2020",38772,NULL,NULL,"India"
"12-01-2020",31118,NULL,NULL,"India"
"12-02-2020",36604,NULL,NULL,"India"
"12-03-2020",35551,NULL,NULL,"India"
"12-04-2020",36595,NULL,NULL,"India"
"12-05-2020",36652,NULL,NULL,"India"
"12-06-2020",36011,NULL,NULL,"India"
"12-07-2020",32981,NULL,NULL,"India"
"12-08-2020",26567,NULL,NULL,"India"
"12-09-2020",32080,NULL,NULL,"India"
"12-10-2020",31521,NULL,NULL,"India"
"12-11-2020",29398,NULL,NULL,"India"
"12-12-2020",30006,NULL,NULL,"India"
"13-12-2020",30254,NULL,NULL,"India"
"14-12-2020",27071,NULL,NULL,"India"
"15-12-2020",22065,NULL,NULL,"India"
"16-12-2020",26382,NULL,NULL,"India"
"17-12-2020",24010,NULL,NULL,"India"
"18-12-2020",22890,NULL,NULL,"India"
"19-12-2020",25152,NULL,NULL,"India"
"20-12-2020",26624,NULL,NULL,"India"
"21-12-2020",24337,NULL,NULL,"India"
"22-12-2020",19556,NULL,NULL,"India"
"23-12-2020",23950,NULL,NULL,"India"
"24-12-2020",24712,NULL,NULL,"India"
"25-12-2020",23067,NULL,NULL,"India"
"26-12-2020",22273,NULL,NULL,"India"
"27-12-2020",18732,NULL,NULL,"India"
"28-12-2020",20021,NULL,NULL,"India"
"29-12-2020",16432,NULL,NULL,"India"
"30-12-2020",20549,NULL,NULL,"India"
"05-07-2023",NULL,NULL,NULL,"India"
"31-12-2020",21822,NULL,NULL,"India"
"01-01-2021",20035,NULL,NULL,"India"
"01-02-2021",19079,NULL,NULL,"India"
"01-03-2021",18177,NULL,NULL,"India"
"01-04-2021",16504,NULL,NULL,"India"
"01-05-2021",16375,NULL,NULL,"India"
"01-06-2021",18088,NULL,NULL,"India"
"01-07-2021",20346,NULL,NULL,"India"
"01-08-2021",18139,NULL,NULL,"India"
"01-09-2021",18222,NULL,NULL,"India"
"01-10-2021",18645,NULL,NULL,"India"
"01-11-2021",16311,NULL,NULL,"India"
"01-12-2021",12584,NULL,NULL,"India"
"13-01-2021",15968,NULL,NULL,"India"
"14-01-2021",16946,NULL,NULL,"India"
"15-01-2021",15590,NULL,NULL,"India"
"16-01-2021",15158,NULL,NULL,"India"
"17-01-2021",15144,NULL,NULL,"India"
"18-01-2021",13788,NULL,NULL,"India"
"19-01-2021",10064,NULL,NULL,"India"
"20-01-2021",13823,NULL,NULL,"India"
"21-01-2021",15223,NULL,NULL,"India"
"22-01-2021",14545,NULL,NULL,"India"
"23-01-2021",14256,NULL,NULL,"India"
"24-01-2021",14849,NULL,NULL,"India"
"25-01-2021",13203,NULL,NULL,"India"
"26-01-2021",9102,NULL,NULL,"India"
"27-01-2021",12689,NULL,NULL,"India"
"28-01-2021",11666,NULL,NULL,"India"
"29-01-2021",18855,NULL,NULL,"India"
"30-01-2021",13083,NULL,NULL,"India"
"31-01-2021",13052,NULL,NULL,"India"
"02-01-2021",11427,NULL,NULL,"India"
"02-02-2021",8635,NULL,NULL,"India"
"02-03-2021",11039,NULL,NULL,"India"
"02-04-2021",12899,NULL,NULL,"India"
"02-05-2021",12408,NULL,NULL,"India"
"02-06-2021",11713,NULL,NULL,"India"
"02-07-2021",12059,NULL,NULL,"India"
"02-08-2021",11831,NULL,NULL,"India"
"02-09-2021",9110,NULL,NULL,"India"
"02-10-2021",11067,NULL,NULL,"India"
"02-11-2021",12923,NULL,NULL,"India"
"02-12-2021",9309,NULL,NULL,"India"
"13-02-2021",12143,NULL,NULL,"India"
"14-02-2021",12194,NULL,NULL,"India"
"15-02-2021",11649,NULL,NULL,"India"
"16-02-2021",9121,NULL,NULL,"India"
"17-02-2021",11610,NULL,NULL,"India"
"18-02-2021",12881,NULL,NULL,"India"
"19-02-2021",13193,NULL,NULL,"India"
"20-02-2021",13993,NULL,NULL,"India"
"21-02-2021",14264,NULL,NULL,"India"
"22-02-2021",14199,NULL,NULL,"India"
"23-02-2021",10584,NULL,NULL,"India"
"24-02-2021",13742,NULL,NULL,"India"
"25-02-2021",16738,NULL,NULL,"India"
"26-02-2021",16577,NULL,NULL,"India"
"27-02-2021",16488,NULL,NULL,"India"
"28-02-2021",16752,NULL,NULL,"India"
"03-01-2021",15510,NULL,NULL,"India"
"03-02-2021",12286,NULL,NULL,"India"
"03-03-2021",14989,NULL,NULL,"India"
"03-04-2021",17407,NULL,NULL,"India"
"03-05-2021",16838,NULL,NULL,"India"
"05-08-2023",NULL,NULL,NULL,"India"
"03-06-2021",18327,NULL,NULL,"India"
"03-07-2021",18711,NULL,NULL,"India"
"03-08-2021",18599,NULL,NULL,"India"
"03-09-2021",15388,NULL,NULL,"India"
"03-10-2021",17921,NULL,NULL,"India"
"03-11-2021",22854,NULL,NULL,"India"
"03-12-2021",23285,NULL,NULL,"India"
"13-03-2021",24882,NULL,NULL,"India"
"14-03-2021",25320,NULL,NULL,"India"
"15-03-2021",26291,NULL,NULL,"India"
"16-03-2021",24492,NULL,NULL,"India"
"17-03-2021",28903,NULL,NULL,"India"
"18-03-2021",35871,NULL,NULL,"India"
"19-03-2021",39726,NULL,NULL,"India"
"20-03-2021",40953,NULL,NULL,"India"
"21-03-2021",43846,NULL,NULL,"India"
"22-03-2021",46951,NULL,NULL,"India"
"23-03-2021",40715,NULL,NULL,"India"
"24-03-2021",47262,NULL,NULL,"India"
"25-03-2021",53476,NULL,NULL,"India"
"26-03-2021",59118,NULL,NULL,"India"
"27-03-2021",62258,NULL,NULL,"India"
"28-03-2021",62714,NULL,NULL,"India"
"29-03-2021",68020,NULL,NULL,"India"
"30-03-2021",56211,NULL,NULL,"India"
"31-03-2021",53480,NULL,NULL,"India"
"04-01-2021",72330,NULL,NULL,"India"
"04-02-2021",81466,NULL,NULL,"India"
"04-03-2021",89129,NULL,NULL,"India"
"04-04-2021",93249,NULL,NULL,"India"
"04-05-2021",103558,NULL,NULL,"India"
"04-06-2021",96982,NULL,NULL,"India"
"04-07-2021",115736,NULL,NULL,"India"
"04-08-2021",126789,NULL,NULL,"India"
"04-09-2021",131968,NULL,NULL,"India"
"04-10-2021",145384,NULL,NULL,"India"
"04-11-2021",152879,NULL,NULL,"India"
"04-12-2021",168912,NULL,NULL,"India"
"13-04-2021",161736,NULL,NULL,"India"
"14-04-2021",184372,NULL,NULL,"India"
"15-04-2021",200739,NULL,NULL,"India"
"16-04-2021",217353,NULL,NULL,"India"
"17-04-2021",234692,NULL,NULL,"India"
"18-04-2021",261500,NULL,NULL,"India"
"19-04-2021",273810,NULL,NULL,"India"
"20-04-2021",259170,NULL,NULL,"India"
"21-04-2021",295041,NULL,NULL,"India"
"22-04-2021",314835,NULL,NULL,"India"
"23-04-2021",332730,NULL,NULL,"India"
"24-04-2021",346786,NULL,NULL,"India"
"25-04-2021",349691,NULL,NULL,"India"
"26-04-2021",352991,NULL,NULL,"India"
"27-04-2021",323144,NULL,NULL,"India"
"28-04-2021",360960,NULL,NULL,"India"
"29-04-2021",379257,NULL,NULL,"India"
"30-04-2021",386452,NULL,NULL,"India"
"05-01-2021",401993,NULL,NULL,"India"
"05-02-2021",392488,NULL,NULL,"India"
"05-03-2021",368147,NULL,NULL,"India"
"05-04-2021",357229,NULL,NULL,"India"
"05-05-2021",382315,NULL,NULL,"India"
"05-06-2021",412262,NULL,NULL,"India"
"05-07-2021",414188,NULL,NULL,"India"
"05-08-2021",401078,NULL,NULL,"India"
"05-09-2021",403738,NULL,NULL,"India"
"05-10-2021",366161,NULL,NULL,"India"
"05-11-2021",329942,NULL,NULL,"India"
"05-12-2021",348421,NULL,NULL,"India"
"13-05-2021",362727,NULL,NULL,"India"
"14-05-2021",343144,NULL,NULL,"India"
"15-05-2021",326098,NULL,NULL,"India"
"16-05-2021",311170,NULL,NULL,"India"
"17-05-2021",281386,NULL,NULL,"India"
"18-05-2021",263533,NULL,NULL,"India"
"19-05-2021",267334,NULL,NULL,"India"
"20-05-2021",276110,NULL,NULL,"India"
"21-05-2021",259551,NULL,NULL,"India"
"22-05-2021",257299,NULL,NULL,"India"
"23-05-2021",240842,NULL,NULL,"India"
"24-05-2021",222315,NULL,NULL,"India"
"25-05-2021",196427,NULL,NULL,"India"
"26-05-2021",208921,NULL,NULL,"India"
"27-05-2021",211298,NULL,NULL,"India"
"28-05-2021",186364,NULL,NULL,"India"
"29-05-2021",173790,NULL,NULL,"India"
"30-05-2021",165553,NULL,NULL,"India"
"31-05-2021",152734,NULL,NULL,"India"
"06-01-2021",127510,NULL,NULL,"India"
"06-02-2021",132788,NULL,NULL,"India"
"06-03-2021",134154,NULL,NULL,"India"
"06-04-2021",132364,NULL,NULL,"India"
"06-05-2021",120529,NULL,NULL,"India"
"06-06-2021",114460,NULL,NULL,"India"
"06-07-2021",100636,NULL,NULL,"India"
"06-08-2021",86498,NULL,NULL,"India"
"06-09-2021",92596,NULL,NULL,"India"
"06-10-2021",94052,NULL,NULL,"India"
"06-11-2021",91702,NULL,NULL,"India"
"06-12-2021",84332,NULL,NULL,"India"
"13-06-2021",80834,NULL,NULL,"India"
"14-06-2021",70421,NULL,NULL,"India"
"15-06-2021",60471,NULL,NULL,"India"
"16-06-2021",62224,NULL,NULL,"India"
"17-06-2021",67208,NULL,NULL,"India"
"18-06-2021",62480,NULL,NULL,"India"
"19-06-2021",60753,NULL,NULL,"India"
"20-06-2021",58419,NULL,NULL,"India"
"21-06-2021",53256,NULL,NULL,"India"
"22-06-2021",42640,NULL,NULL,"India"
"23-06-2021",50848,NULL,NULL,"India"
"24-06-2021",54069,NULL,NULL,"India"
"25-06-2021",51667,NULL,NULL,"India"
"26-06-2021",48698,NULL,NULL,"India"
"27-06-2021",50040,NULL,NULL,"India"
"28-06-2021",46148,NULL,NULL,"India"
"29-06-2021",37566,NULL,NULL,"India"
"30-06-2021",45951,NULL,NULL,"India"
"07-01-2021",48786,NULL,NULL,"India"
"07-02-2021",46617,NULL,NULL,"India"
"07-03-2021",44111,NULL,NULL,"India"
"07-04-2021",43071,NULL,NULL,"India"
"07-05-2021",39796,NULL,NULL,"India"
"07-06-2021",34703,NULL,NULL,"India"
"07-07-2021",43733,NULL,NULL,"India"
"07-08-2021",45892,NULL,NULL,"India"
"07-09-2021",43393,NULL,NULL,"India"
"07-10-2021",42766,NULL,NULL,"India"
"07-11-2021",41506,NULL,NULL,"India"
"07-12-2021",37154,NULL,NULL,"India"
"13-07-2021",32906,NULL,NULL,"India"
"14-07-2021",38792,NULL,NULL,"India"
"15-07-2021",41806,NULL,NULL,"India"
"16-07-2021",38949,NULL,NULL,"India"
"17-07-2021",38079,NULL,NULL,"India"
"18-07-2021",41157,NULL,NULL,"India"
"19-07-2021",38164,NULL,NULL,"India"
"20-07-2021",30093,NULL,NULL,"India"
"21-07-2021",42015,NULL,NULL,"India"
"22-07-2021",41383,NULL,NULL,"India"
"23-07-2021",35342,NULL,NULL,"India"
"24-07-2021",39097,NULL,NULL,"India"
"25-07-2021",39742,NULL,NULL,"India"
"26-07-2021",39361,NULL,NULL,"India"
"27-07-2021",29689,NULL,NULL,"India"
"28-07-2021",43654,NULL,NULL,"India"
"29-07-2021",43509,NULL,NULL,"India"
"30-07-2021",44230,NULL,NULL,"India"
"31-07-2021",41649,NULL,NULL,"India"
"08-01-2021",41831,NULL,NULL,"India"
"08-02-2021",40134,NULL,NULL,"India"
"08-03-2021",30549,NULL,NULL,"India"
"08-04-2021",42625,NULL,NULL,"India"
"08-05-2021",42982,NULL,NULL,"India"
"08-06-2021",44643,NULL,NULL,"India"
"08-07-2021",38628,NULL,NULL,"India"
"08-08-2021",39070,NULL,NULL,"India"
"08-09-2021",35499,NULL,NULL,"India"
"08-10-2021",28204,NULL,NULL,"India"
"08-11-2021",38353,NULL,NULL,"India"
"08-12-2021",41195,NULL,NULL,"India"
"13-08-2021",40120,NULL,NULL,"India"
"14-08-2021",38667,NULL,NULL,"India"
"15-08-2021",36083,NULL,NULL,"India"
"16-08-2021",32937,NULL,NULL,"India"
"17-08-2021",25166,NULL,NULL,"India"
"18-08-2021",35178,NULL,NULL,"India"
"19-08-2021",36401,NULL,NULL,"India"
"20-08-2021",36571,NULL,NULL,"India"
"21-08-2021",34457,NULL,NULL,"India"
"22-08-2021",30948,NULL,NULL,"India"
"23-08-2021",25072,NULL,NULL,"India"
"24-08-2021",25467,NULL,NULL,"India"
"25-08-2021",37593,NULL,NULL,"India"
"26-08-2021",46164,NULL,NULL,"India"
"27-08-2021",44658,NULL,NULL,"India"
"28-08-2021",46759,NULL,NULL,"India"
"29-08-2021",45083,NULL,NULL,"India"
"30-08-2021",42909,NULL,NULL,"India"
"31-08-2021",30941,NULL,NULL,"India"
"09-01-2021",41965,NULL,NULL,"India"
"09-02-2021",47092,NULL,NULL,"India"
"09-03-2021",45352,NULL,NULL,"India"
"09-04-2021",42618,NULL,NULL,"India"
"09-05-2021",42766,NULL,NULL,"India"
"09-06-2021",38948,NULL,NULL,"India"
"09-07-2021",31222,NULL,NULL,"India"
"09-08-2021",37875,NULL,NULL,"India"
"09-09-2021",43263,NULL,NULL,"India"
"09-10-2021",34973,NULL,NULL,"India"
"09-11-2021",33376,NULL,NULL,"India"
"09-12-2021",28591,NULL,NULL,"India"
"13-09-2021",27254,NULL,NULL,"India"
"14-09-2021",25404,NULL,NULL,"India"
"15-09-2021",27176,NULL,NULL,"India"
"16-09-2021",30570,NULL,NULL,"India"
"17-09-2021",34403,NULL,NULL,"India"
"18-09-2021",35662,NULL,NULL,"India"
"19-09-2021",30773,NULL,NULL,"India"
"20-09-2021",30256,NULL,NULL,"India"
"21-09-2021",26115,NULL,NULL,"India"
"22-09-2021",26964,NULL,NULL,"India"
"23-09-2021",31923,NULL,NULL,"India"
"24-09-2021",31382,NULL,NULL,"India"
"25-09-2021",29616,NULL,NULL,"India"
"26-09-2021",28326,NULL,NULL,"India"
"27-09-2021",26041,NULL,NULL,"India"
"28-09-2021",18795,NULL,NULL,"India"
"29-09-2021",18870,NULL,NULL,"India"
"30-09-2021",23529,NULL,NULL,"India"
"10-01-2021",26727,NULL,NULL,"India"
"10-02-2021",24354,NULL,NULL,"India"
"10-03-2021",22842,NULL,NULL,"India"
"10-04-2021",20799,NULL,NULL,"India"
"10-05-2021",18346,NULL,NULL,"India"
"10-06-2021",18833,NULL,NULL,"India"
"10-07-2021",22431,NULL,NULL,"India"
"10-08-2021",21257,NULL,NULL,"India"
"10-09-2021",19740,NULL,NULL,"India"
"10-10-2021",18166,NULL,NULL,"India"
"10-11-2021",18132,NULL,NULL,"India"
"10-12-2021",14313,NULL,NULL,"India"
"13-10-2021",15823,NULL,NULL,"India"
"14-10-2021",18987,NULL,NULL,"India"
"15-10-2021",16862,NULL,NULL,"India"
"16-10-2021",15981,NULL,NULL,"India"
"17-10-2021",14146,NULL,NULL,"India"
"18-10-2021",13596,NULL,NULL,"India"
"19-10-2021",13058,NULL,NULL,"India"
"20-10-2021",14623,NULL,NULL,"India"
"21-10-2021",18454,NULL,NULL,"India"
"22-10-2021",15786,NULL,NULL,"India"
"23-10-2021",16326,NULL,NULL,"India"
"24-10-2021",15906,NULL,NULL,"India"
"25-10-2021",14306,NULL,NULL,"India"
"26-10-2021",12428,NULL,NULL,"India"
"27-10-2021",13451,NULL,NULL,"India"
"28-10-2021",16156,NULL,NULL,"India"
"29-10-2021",14348,NULL,NULL,"India"
"30-10-2021",14313,NULL,NULL,"India"
"31-10-2021",12830,NULL,NULL,"India"
"11-01-2021",12514,NULL,NULL,"India"
"11-02-2021",10423,NULL,NULL,"India"
"11-03-2021",11903,NULL,NULL,"India"
"11-04-2021",12885,NULL,NULL,"India"
"11-05-2021",12729,NULL,NULL,"India"
"11-06-2021",10929,NULL,NULL,"India"
"11-07-2021",10853,NULL,NULL,"India"
"11-08-2021",11451,NULL,NULL,"India"
"11-09-2021",10126,NULL,NULL,"India"
"11-10-2021",11466,NULL,NULL,"India"
"11-11-2021",13091,NULL,NULL,"India"
"11-12-2021",12516,NULL,NULL,"India"
"13-11-2021",11850,NULL,NULL,"India"
"14-11-2021",11271,NULL,NULL,"India"
"15-11-2021",10229,NULL,NULL,"India"
"16-11-2021",8865,NULL,NULL,"India"
"17-11-2021",10197,NULL,NULL,"India"
"18-11-2021",11919,NULL,NULL,"India"
"19-11-2021",11106,NULL,NULL,"India"
"20-11-2021",10302,NULL,NULL,"India"
"21-11-2021",10488,NULL,NULL,"India"
"22-11-2021",8488,NULL,NULL,"India"
"23-11-2021",7579,NULL,NULL,"India"
"24-11-2021",9283,NULL,NULL,"India"
"25-11-2021",9119,NULL,NULL,"India"
"26-11-2021",10549,NULL,NULL,"India"
"27-11-2021",8318,NULL,NULL,"India"
"28-11-2021",8774,NULL,NULL,"India"
"29-11-2021",8309,NULL,NULL,"India"
"30-11-2021",6990,NULL,NULL,"India"
"12-01-2021",8954,NULL,NULL,"India"
"12-02-2021",9765,NULL,NULL,"India"
"12-03-2021",9216,NULL,NULL,"India"
"12-04-2021",8603,NULL,NULL,"India"
"12-05-2021",8895,NULL,NULL,"India"
"12-06-2021",8306,NULL,NULL,"India"
"12-07-2021",6822,NULL,NULL,"India"
"12-08-2021",8439,NULL,NULL,"India"
"12-09-2021",9419,NULL,NULL,"India"
"12-10-2021",8503,NULL,NULL,"India"
"12-11-2021",7992,NULL,NULL,"India"
"12-12-2021",7774,NULL,NULL,"India"
"13-12-2021",7350,NULL,NULL,"India"
"14-12-2021",5784,NULL,NULL,"India"
"15-12-2021",6984,NULL,NULL,"India"
"16-12-2021",7974,NULL,NULL,"India"
"17-12-2021",7447,NULL,NULL,"India"
"18-12-2021",7145,NULL,NULL,"India"
"19-12-2021",7081,NULL,NULL,"India"
"20-12-2021",6563,NULL,NULL,"India"
"21-12-2021",5326,NULL,NULL,"India"
"22-12-2021",6317,NULL,NULL,"India"
"23-12-2021",7495,NULL,NULL,"India"
"24-12-2021",6650,NULL,NULL,"India"
"25-12-2021",7189,NULL,NULL,"India"
"26-12-2021",6987,NULL,NULL,"India"
"27-12-2021",6531,NULL,NULL,"India"
"28-12-2021",6358,NULL,NULL,"India"
"29-12-2021",9195,NULL,NULL,"India"
"30-12-2021",13154,NULL,NULL,"India"
"31-12-2021",16764,NULL,NULL,"India"
"01-01-2022",22775,NULL,NULL,"India"
"01-02-2022",27553,NULL,NULL,"India"
"01-03-2022",33750,NULL,NULL,"India"
"01-04-2022",37379,NULL,NULL,"India"
"01-05-2022",58097,NULL,NULL,"India"
"01-06-2022",90928,NULL,NULL,"India"
"01-07-2022",117100,NULL,NULL,"India"
"01-08-2022",141986,NULL,NULL,"India"
"01-09-2022",159632,NULL,NULL,"India"
"01-10-2022",179723,NULL,NULL,"India"
"01-11-2022",168063,NULL,NULL,"India"
"01-12-2022",194720,NULL,NULL,"India"
"13-01-2022",247417,NULL,NULL,"India"
"14-01-2022",264202,NULL,NULL,"India"
"15-01-2022",268833,NULL,NULL,"India"
"16-01-2022",271202,NULL,NULL,"India"
"17-01-2022",258089,NULL,NULL,"India"
"18-01-2022",238018,NULL,NULL,"India"
"19-01-2022",282970,NULL,NULL,"India"
"20-01-2022",317532,NULL,NULL,"India"
"21-01-2022",347254,NULL,NULL,"India"
"22-01-2022",337704,NULL,NULL,"India"
"23-01-2022",333533,NULL,NULL,"India"
"24-01-2022",306064,NULL,NULL,"India"
"25-01-2022",255874,NULL,NULL,"India"
"26-01-2022",285914,NULL,NULL,"India"
"27-01-2022",286384,NULL,NULL,"India"
"28-01-2022",251209,NULL,NULL,"India"
"29-01-2022",235532,NULL,NULL,"India"
"30-01-2022",234281,NULL,NULL,"India"
"31-01-2022",209918,NULL,NULL,"India"
"02-01-2022",167059,NULL,NULL,"India"
"02-02-2022",161386,NULL,NULL,"India"
"02-03-2022",172433,NULL,NULL,"India"
"02-04-2022",149394,NULL,NULL,"India"
"02-05-2022",127952,NULL,NULL,"India"
"02-06-2022",107474,NULL,NULL,"India"
"02-07-2022",83876,NULL,NULL,"India"
"02-08-2022",67597,NULL,NULL,"India"
"02-09-2022",71365,NULL,NULL,"India"
"02-10-2022",67084,NULL,NULL,"India"
"02-11-2022",58077,NULL,NULL,"India"
"02-12-2022",50407,NULL,NULL,"India"
"13-02-2022",44877,NULL,NULL,"India"
"14-02-2022",34113,NULL,NULL,"India"
"15-02-2022",27409,NULL,NULL,"India"
"16-02-2022",30615,NULL,NULL,"India"
"17-02-2022",30757,NULL,NULL,"India"
"18-02-2022",25920,NULL,NULL,"India"
"19-02-2022",22270,NULL,NULL,"India"
"20-02-2022",19968,NULL,NULL,"India"
"21-02-2022",16051,NULL,NULL,"India"
"22-02-2022",13405,NULL,NULL,"India"
"23-02-2022",15102,NULL,NULL,"India"
"24-02-2022",14148,NULL,NULL,"India"
"25-02-2022",13166,NULL,NULL,"India"
"26-02-2022",11499,NULL,NULL,"India"
"27-02-2022",10273,NULL,NULL,"India"
"28-02-2022",8013,NULL,NULL,"India"
"03-01-2022",6915,NULL,NULL,"India"
"03-02-2022",7554,NULL,NULL,"India"
"03-03-2022",6561,NULL,NULL,"India"
"03-04-2022",6396,NULL,NULL,"India"
"03-05-2022",5921,NULL,NULL,"India"
"03-06-2022",5476,NULL,NULL,"India"
"03-07-2022",4362,NULL,NULL,"India"
"03-08-2022",3993,NULL,NULL,"India"
"03-09-2022",4575,NULL,NULL,"India"
"03-10-2022",4184,NULL,NULL,"India"
"03-11-2022",4194,NULL,NULL,"India"
"03-12-2022",3614,NULL,NULL,"India"
"13-03-2022",3116,NULL,NULL,"India"
"14-03-2022",2503,NULL,NULL,"India"
"15-03-2022",2568,NULL,NULL,"India"
"16-03-2022",2876,NULL,NULL,"India"
"17-03-2022",2539,NULL,NULL,"India"
"18-03-2022",2528,NULL,NULL,"India"
"19-03-2022",2075,NULL,NULL,"India"
"20-03-2022",1761,NULL,NULL,"India"
"21-03-2022",1549,NULL,NULL,"India"
"22-03-2022",1581,NULL,NULL,"India"
"23-03-2022",1778,NULL,NULL,"India"
"24-03-2022",1938,NULL,NULL,"India"
"25-03-2022",1685,NULL,NULL,"India"
"26-03-2022",1660,NULL,NULL,"India"
"27-03-2022",1421,NULL,NULL,"India"
"28-03-2022",1270,NULL,NULL,"India"
"29-03-2022",1259,NULL,NULL,"India"
"30-03-2022",1233,NULL,NULL,"India"
"31-03-2022",1225,NULL,NULL,"India"
"04-01-2022",1335,NULL,NULL,"India"
"04-02-2022",1260,NULL,NULL,"India"
"04-03-2022",1096,NULL,NULL,"India"
"04-04-2022",913,NULL,NULL,"India"
"04-05-2022",795,NULL,NULL,"India"
"04-06-2022",1086,NULL,NULL,"India"
"04-07-2022",1033,NULL,NULL,"India"
"04-08-2022",1109,NULL,NULL,"India"
"04-09-2022",1150,NULL,NULL,"India"
"04-10-2022",1054,NULL,NULL,"India"
"04-11-2022",861,NULL,NULL,"India"
"04-12-2022",796,NULL,NULL,"India"
"13-04-2022",1088,NULL,NULL,"India"
"14-04-2022",1007,NULL,NULL,"India"
"15-04-2022",949,NULL,NULL,"India"
"16-04-2022",975,NULL,NULL,"India"
"17-04-2022",1150,NULL,NULL,"India"
"18-04-2022",2183,NULL,NULL,"India"
"19-04-2022",1247,NULL,NULL,"India"
"20-04-2022",2067,NULL,NULL,"India"
"21-04-2022",2380,NULL,NULL,"India"
"22-04-2022",2451,NULL,NULL,"India"
"23-04-2022",2527,NULL,NULL,"India"
"24-04-2022",2593,NULL,NULL,"India"
"25-04-2022",2541,NULL,NULL,"India"
"26-04-2022",2483,NULL,NULL,"India"
"27-04-2022",2927,NULL,NULL,"India"
"28-04-2022",3303,NULL,NULL,"India"
"29-04-2022",3377,NULL,NULL,"India"
"30-04-2022",3688,NULL,NULL,"India"
"05-01-2022",3324,NULL,NULL,"India"
"05-02-2022",3157,NULL,NULL,"India"
"05-03-2022",2568,NULL,NULL,"India"
"05-04-2022",3205,NULL,NULL,"India"
"05-05-2022",3275,NULL,NULL,"India"
"05-06-2022",3545,NULL,NULL,"India"
"05-07-2022",3805,NULL,NULL,"India"
"05-08-2022",3451,NULL,NULL,"India"
"05-09-2022",3207,NULL,NULL,"India"
"05-10-2022",2288,NULL,NULL,"India"
"05-11-2022",2897,NULL,NULL,"India"
"05-12-2022",2827,NULL,NULL,"India"
"13-05-2022",2841,NULL,NULL,"India"
"14-05-2022",2858,NULL,NULL,"India"
"15-05-2022",2487,NULL,NULL,"India"
"16-05-2022",2202,NULL,NULL,"India"
"17-05-2022",1569,NULL,NULL,"India"
"18-05-2022",1829,NULL,NULL,"India"
"19-05-2022",2364,NULL,NULL,"India"
"20-05-2022",2259,NULL,NULL,"India"
"21-05-2022",2323,NULL,NULL,"India"
"22-05-2022",2226,NULL,NULL,"India"
"23-05-2022",2022,NULL,NULL,"India"
"24-05-2022",1675,NULL,NULL,"India"
"25-05-2022",2124,NULL,NULL,"India"
"26-05-2022",2628,NULL,NULL,"India"
"27-05-2022",2710,NULL,NULL,"India"
"28-05-2022",2685,NULL,NULL,"India"
"29-05-2022",2828,NULL,NULL,"India"
"30-05-2022",2706,NULL,NULL,"India"
"31-05-2022",2338,NULL,NULL,"India"
"06-01-2022",2745,NULL,NULL,"India"
"06-02-2022",3712,NULL,NULL,"India"
"06-03-2022",4041,NULL,NULL,"India"
"06-04-2022",3962,NULL,NULL,"India"
"06-05-2022",4270,NULL,NULL,"India"
"06-06-2022",4518,NULL,NULL,"India"
"06-07-2022",3714,NULL,NULL,"India"
"06-08-2022",5233,NULL,NULL,"India"
"06-09-2022",7240,NULL,NULL,"India"
"06-10-2022",7584,NULL,NULL,"India"
"06-11-2022",8329,NULL,NULL,"India"
"06-12-2022",8582,NULL,NULL,"India"
"13-06-2022",8084,NULL,NULL,"India"
"14-06-2022",6594,NULL,NULL,"India"
"15-06-2022",8822,NULL,NULL,"India"
"16-06-2022",12213,NULL,NULL,"India"
"17-06-2022",12847,NULL,NULL,"India"
"18-06-2022",13216,NULL,NULL,"India"
"19-06-2022",12899,NULL,NULL,"India"
"20-06-2022",12781,NULL,NULL,"India"
"21-06-2022",9923,NULL,NULL,"India"
"22-06-2022",12249,NULL,NULL,"India"
"23-06-2022",13313,NULL,NULL,"India"
"24-06-2022",17336,NULL,NULL,"India"
"25-06-2022",15940,NULL,NULL,"India"
"26-06-2022",11739,NULL,NULL,"India"
"27-06-2022",17073,NULL,NULL,"India"
"28-06-2022",11793,NULL,NULL,"India"
"29-06-2022",14506,NULL,NULL,"India"
"30-06-2022",18819,NULL,NULL,"India"
"07-01-2022",17070,NULL,NULL,"India"
"07-02-2022",17092,NULL,NULL,"India"
"07-03-2022",16103,NULL,NULL,"India"
"07-04-2022",16135,NULL,NULL,"India"
"07-05-2022",13086,NULL,NULL,"India"
"07-06-2022",16159,NULL,NULL,"India"
"07-07-2022",18930,NULL,NULL,"India"
"07-08-2022",18815,NULL,NULL,"India"
"07-09-2022",18840,NULL,NULL,"India"
"07-10-2022",18257,NULL,NULL,"India"
"07-11-2022",16678,NULL,NULL,"India"
"07-12-2022",13615,NULL,NULL,"India"
"13-07-2022",16906,NULL,NULL,"India"
"14-07-2022",20139,NULL,NULL,"India"
"15-07-2022",20038,NULL,NULL,"India"
"16-07-2022",20044,NULL,NULL,"India"
"17-07-2022",20528,NULL,NULL,"India"
"18-07-2022",16935,NULL,NULL,"India"
"19-07-2022",15528,NULL,NULL,"India"
"20-07-2022",20557,NULL,NULL,"India"
"21-07-2022",21566,NULL,NULL,"India"
"22-07-2022",21880,NULL,NULL,"India"
"23-07-2022",21411,NULL,NULL,"India"
"24-07-2022",20279,NULL,NULL,"India"
"25-07-2022",16866,NULL,NULL,"India"
"26-07-2022",14830,NULL,NULL,"India"
"27-07-2022",18313,NULL,NULL,"India"
"28-07-2022",20557,NULL,NULL,"India"
"29-07-2022",20409,NULL,NULL,"India"
"30-07-2022",20408,NULL,NULL,"India"
"31-07-2022",19673,NULL,NULL,"India"
"08-01-2022",16464,NULL,NULL,"India"
"08-02-2022",13734,NULL,NULL,"India"
"08-03-2022",17135,NULL,NULL,"India"
"08-04-2022",19893,NULL,NULL,"India"
"08-05-2022",20551,NULL,NULL,"India"
"08-06-2022",19406,NULL,NULL,"India"
"08-07-2022",18738,NULL,NULL,"India"
"08-08-2022",16167,NULL,NULL,"India"
"08-09-2022",12751,NULL,NULL,"India"
"08-10-2022",16047,NULL,NULL,"India"
"08-11-2022",16299,NULL,NULL,"India"
"08-12-2022",16561,NULL,NULL,"India"
"13-08-2022",15815,NULL,NULL,"India"
"14-08-2022",14092,NULL,NULL,"India"
"15-08-2022",14917,NULL,NULL,"India"
"16-08-2022",8813,NULL,NULL,"India"
"17-08-2022",9062,NULL,NULL,"India"
"18-08-2022",12608,NULL,NULL,"India"
"19-08-2022",15754,NULL,NULL,"India"
"20-08-2022",13272,NULL,NULL,"India"
"21-08-2022",11539,NULL,NULL,"India"
"22-08-2022",9531,NULL,NULL,"India"
"23-08-2022",8586,NULL,NULL,"India"
"24-08-2022",10649,NULL,NULL,"India"
"25-08-2022",10725,NULL,NULL,"India"
"26-08-2022",10256,NULL,NULL,"India"
"27-08-2022",9520,NULL,NULL,"India"
"28-08-2022",9436,NULL,NULL,"India"
"29-08-2022",7591,NULL,NULL,"India"
"30-08-2022",5439,NULL,NULL,"India"
"31-08-2022",7231,NULL,NULL,"India"
"09-01-2022",7946,NULL,NULL,"India"
"09-02-2022",6168,NULL,NULL,"India"
"09-03-2022",7211,NULL,NULL,"India"
"09-04-2022",6817,NULL,NULL,"India"
"09-05-2022",5910,NULL,NULL,"India"
"09-06-2022",4417,NULL,NULL,"India"
"09-07-2022",5379,NULL,NULL,"India"
"09-08-2022",6395,NULL,NULL,"India"
"09-09-2022",6093,NULL,NULL,"India"
"09-10-2022",5554,NULL,NULL,"India"
"09-11-2022",5076,NULL,NULL,"India"
"09-12-2022",5221,NULL,NULL,"India"
"13-09-2022",4369,NULL,NULL,"India"
"14-09-2022",5108,NULL,NULL,"India"
"15-09-2022",6422,NULL,NULL,"India"
"16-09-2022",6298,NULL,NULL,"India"
"17-09-2022",5747,NULL,NULL,"India"
"18-09-2022",5664,NULL,NULL,"India"
"19-09-2022",4858,NULL,NULL,"India"
"20-09-2022",4043,NULL,NULL,"India"
"21-09-2022",4510,NULL,NULL,"India"
"22-09-2022",5443,NULL,NULL,"India"
"23-09-2022",5383,NULL,NULL,"India"
"24-09-2022",4912,NULL,NULL,"India"
"25-09-2022",4777,NULL,NULL,"India"
"26-09-2022",4129,NULL,NULL,"India"
"27-09-2022",3230,NULL,NULL,"India"
"28-09-2022",3615,NULL,NULL,"India"
"29-09-2022",4272,NULL,NULL,"India"
"30-09-2022",3947,NULL,NULL,"India"
"10-01-2022",3805,NULL,NULL,"India"
"10-02-2022",3375,NULL,NULL,"India"
"10-03-2022",3011,NULL,NULL,"India"
"10-04-2022",1968,NULL,NULL,"India"
"10-05-2022",2468,NULL,NULL,"India"
"10-06-2022",2529,NULL,NULL,"India"
"10-07-2022",1997,NULL,NULL,"India"
"10-08-2022",2797,NULL,NULL,"India"
"10-09-2022",2756,NULL,NULL,"India"
"10-10-2022",2424,NULL,NULL,"India"
"10-11-2022",1957,NULL,NULL,"India"
"10-12-2022",2139,NULL,NULL,"India"
"13-10-2022",2786,NULL,NULL,"India"
"14-10-2022",2678,NULL,NULL,"India"
"15-10-2022",2430,NULL,NULL,"India"
"16-10-2022",2401,NULL,NULL,"India"
"17-10-2022",2060,NULL,NULL,"India"
"18-10-2022",1542,NULL,NULL,"India"
"19-10-2022",1946,NULL,NULL,"India"
"20-10-2022",2141,NULL,NULL,"India"
"21-10-2022",2119,NULL,NULL,"India"
"22-10-2022",2112,NULL,NULL,"India"
"23-10-2022",1994,NULL,NULL,"India"
"24-10-2022",1334,NULL,NULL,"India"
"25-10-2022",862,NULL,NULL,"India"
"26-10-2022",830,NULL,NULL,"India"
"27-10-2022",1112,NULL,NULL,"India"
"28-10-2022",2208,NULL,NULL,"India"
"29-10-2022",1574,NULL,NULL,"India"
"30-10-2022",1604,NULL,NULL,"India"
"31-10-2022",1326,NULL,NULL,"India"
"11-01-2022",1046,NULL,NULL,"India"
"11-02-2022",1190,NULL,NULL,"India"
"11-03-2022",1321,NULL,NULL,"India"
"11-04-2022",1216,NULL,NULL,"India"
"11-05-2022",1082,NULL,NULL,"India"
"11-06-2022",1132,NULL,NULL,"India"
"11-07-2022",937,NULL,NULL,"India"
"11-08-2022",625,NULL,NULL,"India"
"11-09-2022",811,NULL,NULL,"India"
"11-10-2022",1016,NULL,NULL,"India"
"11-11-2022",842,NULL,NULL,"India"
"11-12-2022",833,NULL,NULL,"India"
"13-11-2022",734,NULL,NULL,"India"
"14-11-2022",547,NULL,NULL,"India"
"15-11-2022",NULL,NULL,NULL,"India"
"16-11-2022",501,NULL,NULL,"India"
"17-11-2022",635,NULL,NULL,"India"
"18-11-2022",656,NULL,NULL,"India"
"19-11-2022",556,NULL,NULL,"India"
"20-11-2022",492,NULL,NULL,"India"
"21-11-2022",406,NULL,NULL,"India"
"22-11-2022",294,NULL,NULL,"India"
"23-11-2022",360,NULL,NULL,"India"
"24-11-2022",408,NULL,NULL,"India"
"25-11-2022",347,NULL,NULL,"India"
"26-11-2022",389,NULL,NULL,"India"
"27-11-2022",343,NULL,NULL,"India"
"28-11-2022",291,NULL,NULL,"India"
"29-11-2022",215,NULL,NULL,"India"
"30-11-2022",279,NULL,NULL,"India"
"12-01-2022",291,NULL,NULL,"India"
"12-02-2022",275,NULL,NULL,"India"
"12-03-2022",253,NULL,NULL,"India"
"12-04-2022",226,NULL,NULL,"India"
"12-05-2022",226,NULL,NULL,"India"
"12-06-2022",165,NULL,NULL,"India"
"12-07-2022",166,NULL,NULL,"India"
"12-08-2022",241,NULL,NULL,"India"
"12-09-2022",249,NULL,NULL,"India"
"12-10-2022",210,NULL,NULL,"India"
"12-11-2022",173,NULL,NULL,"India"
"12-12-2022",159,NULL,NULL,"India"
"13-12-2022",114,NULL,NULL,"India"
"14-12-2022",152,NULL,NULL,"India"
"15-12-2022",200,NULL,NULL,"India"
"16-12-2022",162,NULL,NULL,"India"
"17-12-2022",167,NULL,NULL,"India"
"18-12-2022",176,NULL,NULL,"India"
"19-12-2022",135,NULL,NULL,"India"
"20-12-2022",112,NULL,NULL,"India"
"21-12-2022",131,NULL,NULL,"India"
"22-12-2022",185,NULL,NULL,"India"
"23-12-2022",163,NULL,NULL,"India"
"24-12-2022",201,NULL,NULL,"India"
"25-12-2022",227,NULL,NULL,"India"
"26-12-2022",196,NULL,NULL,"India"
"27-12-2022",157,NULL,NULL,"India"
"28-12-2022",188,NULL,NULL,"India"
"29-12-2022",268,NULL,NULL,"India"
"30-12-2022",243,NULL,NULL,"India"
"31-12-2022",226,NULL,NULL,"India"
"01-01-2023",265,NULL,NULL,"India"
"01-02-2023",173,NULL,NULL,"India"
"01-03-2023",134,NULL,NULL,"India"
"01-04-2023",175,NULL,NULL,"India"
"01-05-2023",188,NULL,NULL,"India"
"01-06-2023",228,NULL,NULL,"India"
"01-07-2023",214,NULL,NULL,"India"
"01-08-2023",163,NULL,NULL,"India"
"01-09-2023",170,NULL,NULL,"India"
"01-10-2023",121,NULL,NULL,"India"
"01-11-2023",171,NULL,NULL,"India"
"01-12-2023",197,NULL,NULL,"India"
"13-01-2023",174,NULL,NULL,"India"
"14-01-2023",179,NULL,NULL,"India"
"15-01-2023",104,NULL,NULL,"India"
"16-01-2023",114,NULL,NULL,"India"
"17-01-2023",79,NULL,NULL,"India"
"18-01-2023",138,NULL,NULL,"India"
"19-01-2023",134,NULL,NULL,"India"
"20-01-2023",145,NULL,NULL,"India"
"21-01-2023",131,NULL,NULL,"India"
"22-01-2023",140,NULL,NULL,"India"
"23-01-2023",94,NULL,NULL,"India"
"24-01-2023",89,NULL,NULL,"India"
"25-01-2023",102,NULL,NULL,"India"
"26-01-2023",132,NULL,NULL,"India"
"27-01-2023",99,NULL,NULL,"India"
"28-01-2023",93,NULL,NULL,"India"
"29-01-2023",109,NULL,NULL,"India"
"30-01-2023",80,NULL,NULL,"India"
"31-01-2023",65,NULL,NULL,"India"
"02-01-2023",111,NULL,NULL,"India"
"02-02-2023",128,NULL,NULL,"India"
"02-03-2023",99,NULL,NULL,"India"
"02-04-2023",128,NULL,NULL,"India"
"02-05-2023",113,NULL,NULL,"India"
"02-06-2023",91,NULL,NULL,"India"
"02-07-2023",89,NULL,NULL,"India"
"02-08-2023",96,NULL,NULL,"India"
"02-09-2023",109,NULL,NULL,"India"
"02-10-2023",114,NULL,NULL,"India"
"02-11-2023",132,NULL,NULL,"India"
"02-12-2023",124,NULL,NULL,"India"
"13-02-2023",79,NULL,NULL,"India"
"14-02-2023",77,NULL,NULL,"India"
"15-02-2023",102,NULL,NULL,"India"
"16-02-2023",126,NULL,NULL,"India"
"17-02-2023",156,NULL,NULL,"India"
"18-02-2023",117,NULL,NULL,"India"
"19-02-2023",142,NULL,NULL,"India"
"20-02-2023",120,NULL,NULL,"India"
"21-02-2023",95,NULL,NULL,"India"
"22-02-2023",125,NULL,NULL,"India"
"23-02-2023",193,NULL,NULL,"India"
"24-02-2023",169,NULL,NULL,"India"
"25-02-2023",180,NULL,NULL,"India"
"26-02-2023",218,NULL,NULL,"India"
"27-02-2023",185,NULL,NULL,"India"
"28-02-2023",169,NULL,NULL,"India"
"03-01-2023",240,NULL,NULL,"India"
"03-02-2023",268,NULL,NULL,"India"
"03-03-2023",283,NULL,NULL,"India"
"03-04-2023",334,NULL,NULL,"India"
"03-05-2023",324,NULL,NULL,"India"
"03-06-2023",281,NULL,NULL,"India"
"03-07-2023",266,NULL,NULL,"India"
"03-08-2023",326,NULL,NULL,"India"
"03-09-2023",379,NULL,NULL,"India"
"03-10-2023",440,NULL,NULL,"India"
"03-11-2023",456,NULL,NULL,"India"
"03-12-2023",524,NULL,NULL,"India"
"13-03-2023",444,NULL,NULL,"India"
"14-03-2023",402,NULL,NULL,"India"
"15-03-2023",618,NULL,NULL,"India"
"16-03-2023",754,NULL,NULL,"India"
"17-03-2023",796,NULL,NULL,"India"
"18-03-2023",843,NULL,NULL,"India"
"19-03-2023",1071,NULL,NULL,"India"
"20-03-2023",918,NULL,NULL,"India"
"21-03-2023",646,NULL,NULL,"India"
"22-03-2023",1134,NULL,NULL,"India"
"23-03-2023",1300,NULL,NULL,"India"
"24-03-2023",1249,NULL,NULL,"India"
"25-03-2023",1590,NULL,NULL,"India"
"26-03-2023",1890,NULL,NULL,"India"
"27-03-2023",1805,NULL,NULL,"India"
"28-03-2023",1573,NULL,NULL,"India"
"29-03-2023",2151,NULL,NULL,"India"
"30-03-2023",3016,NULL,NULL,"India"
"31-03-2023",3094,NULL,NULL,"India"
"04-01-2023",2995,NULL,NULL,"India"
"04-02-2023",3824,NULL,NULL,"India"
"04-03-2023",3641,NULL,NULL,"India"
"04-04-2023",3038,NULL,NULL,"India"
"04-05-2023",4435,NULL,NULL,"India"
"04-06-2023",5335,NULL,NULL,"India"
"04-07-2023",6050,NULL,NULL,"India"
"04-08-2023",6155,NULL,NULL,"India"
"04-09-2023",5357,NULL,NULL,"India"
"04-10-2023",5880,NULL,NULL,"India"
"04-11-2023",5676,NULL,NULL,"India"
"04-12-2023",7830,NULL,NULL,"India"
"13-04-2023",10158,NULL,NULL,"India"
"14-04-2023",11109,NULL,NULL,"India"
"15-04-2023",10753,NULL,NULL,"India"
"16-04-2023",10093,NULL,NULL,"India"
"17-04-2023",9111,NULL,NULL,"India"
"18-04-2023",7633,NULL,NULL,"India"
"19-04-2023",10542,NULL,NULL,"India"
"20-04-2023",12591,NULL,NULL,"India"
"21-04-2023",11692,NULL,NULL,"India"
"22-04-2023",12193,NULL,NULL,"India"
"23-04-2023",10112,NULL,NULL,"India"
"24-04-2023",6904,NULL,NULL,"India"
"25-04-2023",6934,NULL,NULL,"India"
"26-04-2023",9629,NULL,NULL,"India"
"27-04-2023",9355,NULL,NULL,"India"
"28-04-2023",7533,NULL,NULL,"India"
"29-04-2023",7171,NULL,NULL,"India"
"30-04-2023",5874,NULL,NULL,"India"
"05-01-2023",4282,NULL,NULL,"India"
"05-02-2023",3325,NULL,NULL,"India"
"05-03-2023",NULL,NULL,NULL,"India"
